,Prop_type,Area,Bedrooms,Bathrooms,Receptions,County,Price
296,5,328,0,0,0,London,210000
147,5,381,0,0,0,London,260000
352,5,277,0,0,0,London,295000
326,5,344,0,0,0,London,295000
1967,1,274,1,1,1,London,299950
2649,1,573,1,1,1,Middlesex,300000
2626,1,601,2,2,2,Middlesex,325000
2678,1,477,1,1,1,Surrey,334950
761,1,302,1,1,1,London,350000
597,5,425,0,0,0,London,350000
2657,3,664,2,2,2,Surrey,374950
1672,1,344,1,1,1,London,385000
1095,5,297,0,0,0,London,385000
1768,1,292,1,1,1,London,398000
2279,3,362,1,1,1,London,399950
2081,1,305,1,1,1,London,399950
1208,1,398,1,1,1,London,399950
2662,3,697,2,2,2,Surrey,399950
2658,1,805,2,2,2,Surrey,400000
2296,1,376,1,1,1,London,405000
47,1,403,1,1,1,London,420000
388,1,422,1,1,1,London,424995
2739,3,603,1,1,1,Surrey,425000
2817,1,826,2,2,2,Surrey,430000
2889,3,538,1,1,1,other,430000
2895,3,538,1,1,1,other,432500
1474,1,420,1,1,1,London,435000
1113,1,439,1,1,1,London,435000
1473,1,412,1,1,1,London,435000
2446,1,440,1,1,1,London,450000
2631,1,708,2,2,2,Middlesex,450000
1027,5,332,0,0,0,London,450000
726,5,410,0,0,0,London,450000
718,1,377,1,1,1,London,450000
2851,1,646,1,1,1,Twickenham,450000
20,1,790,2,2,2,Essex,450000
2029,1,386,1,1,1,London,450000
1824,1,458,1,1,1,London,450000
1098,5,680,0,0,0,London,450000
314,1,431,1,1,1,London,460000
514,1,473,1,1,1,London,465000
962,1,461,1,1,1,London,465000
28,1,885,2,2,2,Essex,470000
1258,3,474,1,1,1,London,475000
16,2,890,2,2,2,Essex,475000
1765,1,471,1,1,1,London,475000
2147,1,425,1,1,1,London,475000
2738,1,645,2,2,2,Surrey,475000
1398,1,477,1,1,1,London,475000
394,1,381,1,1,1,London,475000
91,1,448,1,1,1,London,480000
2906,3,545,1,1,1,other,485000
2315,1,454,1,1,1,London,485000
2859,3,570,1,1,1,other,490000
1418,1,499,1,1,1,London,495000
329,1,451,1,1,1,London,499000
783,1,386,1,1,1,London,499950
996,1,388,1,1,1,London,499950
1347,1,360,1,1,1,London,499999
1939,1,477,1,1,1,London,499999
473,1,452,1,1,1,London,499999
1767,1,464,1,1,1,London,499999
2347,1,462,1,1,1,London,500000
2639,2,792,2,2,2,Middlesex,500000
1090,1,492,1,1,1,London,500000
2619,3,808,2,2,2,Middlesex,500000
2117,1,418,1,1,1,London,500000
2670,2,963,2,2,2,Surrey,500000
89,1,458,1,1,1,London,500000
2796,2,669,2,2,2,Surrey,500000
1332,1,373,1,1,1,London,500000
2897,1,563,1,1,1,other,500000
515,1,451,1,1,1,London,500000
1477,1,508,1,1,1,London,500000
1510,1,481,1,1,1,London,500000
2645,1,955,2,2,2,Middlesex,500000
2603,1,872,2,2,2,Middlesex,500000
2132,1,518,1,1,1,London,515000
2214,1,411,1,1,1,London,520000
2707,1,944,2,2,2,Surrey,520000
1493,1,472,1,1,1,London,525000
2456,1,420,1,1,1,London,525000
0,2,829,2,2,2,Essex,525000
167,1,514,2,2,2,London,525000
2802,1,844,2,2,2,Surrey,525000
35,2,833,3,3,3,Essex,525000
753,1,482,1,1,1,London,530000
30,3,848,2,2,2,Essex,530000
24,2,900,3,3,3,Essex,535000
2744,3,767,2,2,2,Surrey,545000
2040,1,517,1,1,1,London,550000
1811,1,469,2,2,2,London,550000
1724,1,481,1,1,1,London,550000
146,4,414,1,1,1,London,550000
1178,1,399,1,1,1,London,550000
1261,3,540,1,1,1,London,550000
2700,1,676,2,2,2,Surrey,550000
1677,1,474,1,1,1,London,550000
299,4,414,1,1,1,London,550000
1632,1,536,1,1,1,London,550000
292,2,538,2,2,2,London,550000
2635,1,1103,2,2,2,Middlesex,550000
2048,1,529,2,2,2,London,550000
148,1,547,1,1,1,London,550000
57,1,479,1,1,1,London,550000
751,3,542,1,1,1,London,550000
1023,1,500,1,1,1,London,550000
809,3,547,1,1,1,London,550000
1511,1,358,1,1,1,London,550000
2742,3,753,2,2,2,Surrey,555000
571,1,513,1,1,1,London,559000
2543,3,546,1,1,1,London,559950
1074,1,468,1,1,1,London,560000
1930,1,541,1,1,1,London,560000
998,3,429,0,0,0,London,573000
2614,1,1092,2,2,2,Middlesex,575000
2394,3,531,1,1,1,London,575000
2629,1,997,2,2,2,Middlesex,575000
1100,3,558,1,1,1,London,575000
150,3,460,1,1,1,London,580000
544,1,552,1,1,1,London,585000
2610,1,1032,2,2,2,Middlesex,585000
2733,1,786,2,2,2,Surrey,595000
2622,1,1197,2,2,2,Middlesex,595000
990,3,545,1,1,1,London,595000
664,3,476,1,1,1,London,595000
2301,1,495,1,1,1,London,599950
1149,1,506,1,1,1,London,599950
1311,1,432,1,1,1,London,599950
856,1,528,1,1,1,London,599995
2562,1,583,1,1,1,London,599995
713,2,570,2,2,2,London,600000
2599,1,1160,2,2,2,Middlesex,600000
1298,1,514,1,1,1,London,600000
2059,1,570,2,2,2,London,600000
2546,1,593,1,1,1,London,600000
1619,1,455,1,1,1,London,600000
1695,1,568,1,1,1,London,600000
2615,2,1041,2,2,2,Middlesex,600000
2870,1,797,1,1,1,other,615000
184,1,428,1,1,1,London,625000
94,1,540,1,1,1,London,625000
914,1,513,1,1,1,London,625000
2664,1,902,2,2,2,Surrey,625000
2246,1,636,1,1,1,London,625000
1176,1,613,2,2,2,London,625000
1679,1,491,1,1,1,London,625000
2159,1,537,2,2,2,London,625000
2219,1,541,1,1,1,London,625000
1812,1,619,2,2,2,London,635000
541,1,556,2,2,2,London,635000
1891,1,526,1,1,1,London,635000
782,3,560,1,1,1,London,649000
2025,1,510,1,1,1,London,649950
462,3,569,1,1,1,London,649999
49,3,560,1,1,1,London,650000
1907,1,495,1,1,1,London,650000
27,1,1162,2,2,2,Essex,650000
1879,1,562,1,1,1,London,650000
1345,1,509,1,1,1,London,650000
570,1,623,2,2,2,London,650000
1885,1,662,1,1,1,London,650000
592,3,560,1,1,1,London,650000
172,1,584,1,1,1,London,650000
2220,1,571,1,1,1,London,650000
2030,1,458,2,2,2,London,650000
2866,1,583,1,1,1,other,650000
1964,1,570,1,1,1,London,650000
1150,1,531,1,1,1,London,650000
372,1,595,2,2,2,London,650000
2786,1,1031,2,2,2,Surrey,650000
2094,1,603,1,1,1,London,660000
424,1,647,2,2,2,London,665000
2676,1,935,3,3,3,Surrey,665000
482,1,614,2,2,2,London,670000
1813,1,669,1,1,1,London,670000
1710,1,662,1,1,1,London,670000
2713,2,915,2,2,2,Surrey,675000
1624,1,628,2,2,2,London,675000
15,2,1153,4,4,4,Essex,675000
2912,1,774,1,1,1,other,675000
2792,1,863,2,2,2,Surrey,675000
1429,1,676,1,1,1,London,675000
1537,1,638,1,1,1,London,675000
945,1,602,2,2,2,London,675000
1280,2,586,2,2,2,London,675000
1442,1,581,2,2,2,London,680000
2410,1,484,1,1,1,London,680000
2900,3,594,1,1,1,other,685000
2467,1,655,1,1,1,London,685000
1588,1,560,1,1,1,London,685000
2056,1,661,2,2,2,London,685000
300,3,596,1,1,1,London,690000
2899,3,633,1,1,1,other,690000
2883,3,678,2,2,2,other,695000
1352,1,429,1,1,1,London,695000
709,1,537,1,1,1,London,695000
1924,1,463,1,1,1,London,695000
2451,3,551,1,1,1,London,695000
2675,2,909,3,3,3,Surrey,699950
1370,1,602,2,2,2,London,699950
2896,1,645,1,1,1,other,699950
2834,2,1037,3,3,3,Surrey,699950
891,1,606,2,2,2,London,700000
2617,1,1121,2,2,2,Middlesex,700000
1873,1,560,2,2,2,London,700000
1506,1,678,2,2,2,London,700000
1702,4,623,2,2,2,London,700000
1001,1,680,1,1,1,London,700000
1558,1,680,2,2,2,London,700000
10,2,1174,4,4,4,Essex,700000
2903,3,830,1,1,1,other,710000
1996,1,600,2,2,2,London,715000
1591,1,696,2,2,2,London,725000
1492,1,617,2,2,2,London,725000
1464,1,635,2,2,2,London,725000
433,3,591,1,1,1,London,725000
2389,1,521,1,1,1,London,725000
2341,1,626,2,2,2,London,730000
1415,1,693,2,2,2,London,730000
2890,3,665,2,2,2,other,730000
1449,4,579,1,1,1,London,740000
2103,1,703,2,2,2,London,745000
963,1,650,2,2,2,London,749950
593,1,599,1,1,1,London,750000
1484,1,477,1,1,1,London,750000
1441,1,709,2,2,2,London,750000
1309,1,627,1,1,1,London,750000
1971,1,738,2,2,2,London,750000
550,1,633,2,2,2,London,750000
54,1,647,2,2,2,London,750000
2393,1,596,1,1,1,London,750000
2525,3,579,1,1,1,London,750000
169,1,604,1,1,1,London,750000
452,1,686,1,1,1,London,750000
1803,1,580,1,1,1,London,750000
2901,3,733,2,2,2,other,765000
525,3,618,1,1,1,London,765000
2579,3,603,1,1,1,London,772000
1548,1,729,2,2,2,London,775000
1857,3,672,1,1,1,London,775000
1831,1,476,1,1,1,London,775000
2407,3,636,1,1,1,London,775000
1041,1,665,2,2,2,London,775000
2570,1,668,2,2,2,London,775000
802,2,634,2,2,2,London,775000
1784,1,780,3,3,3,London,775000
2826,2,1149,2,2,2,Surrey,775000
31,2,1285,3,3,3,Essex,775000
2028,1,624,2,2,2,London,775000
2582,3,636,1,1,1,London,778000
474,3,558,1,1,1,London,780000
121,1,654,2,2,2,London,780000
2092,1,767,2,2,2,London,780000
465,1,739,2,2,2,London,785000
610,3,590,1,1,1,London,785000
2540,3,591,1,1,1,London,790000
101,1,495,1,1,1,London,795000
723,1,691,1,1,1,London,795000
2140,1,753,2,2,2,London,795000
1218,1,666,2,2,2,London,795000
1560,3,541,1,1,1,London,795000
2123,1,666,2,2,2,London,795000
793,2,766,2,2,2,London,799950
358,1,770,2,2,2,London,799950
2216,2,686,2,2,2,London,799950
1302,1,483,1,1,1,London,799999
1583,1,703,2,2,2,London,800000
1622,1,708,2,2,2,London,800000
1427,1,532,1,1,1,London,800000
2572,3,619,1,1,1,London,800000
663,1,742,2,2,2,London,800000
2537,1,681,1,1,1,London,800000
2495,1,524,1,1,1,London,800000
2472,1,572,1,1,1,London,800000
1348,1,558,2,2,2,London,800000
701,1,548,2,2,2,London,800000
2923,3,797,1,1,1,other,820000
103,1,631,2,2,2,London,820000
1921,1,573,1,1,1,London,825000
2902,3,775,2,2,2,other,825000
1596,1,722,2,2,2,London,825000
1656,1,687,2,2,2,London,825000
2197,1,616,1,1,1,London,825000
1364,1,753,2,2,2,London,825000
1219,1,813,2,2,2,London,830000
1383,1,551,1,1,1,London,830000
2483,3,600,1,1,1,London,830000
999,1,704,2,2,2,London,835000
2334,1,744,2,2,2,London,835000
995,1,651,1,1,1,London,835000
1248,1,625,2,2,2,London,840000
1769,2,776,2,2,2,London,845000
1929,1,517,1,1,1,London,845000
1049,1,802,2,2,2,London,849999
2650,2,1384,5,5,5,Middlesex,850000
1797,1,820,2,2,2,London,850000
836,2,780,2,2,2,London,850000
1827,1,791,2,2,2,London,850000
1605,1,826,2,2,2,London,850000
917,1,743,2,2,2,London,850000
1782,1,601,2,2,2,London,850000
937,1,655,1,1,1,London,850000
1927,1,822,2,2,2,London,850000
2766,1,1239,3,3,3,Surrey,850000
1997,1,565,2,2,2,London,850000
1912,3,819,2,2,2,London,850000
2298,1,770,2,2,2,London,850000
2819,1,1344,2,2,2,Surrey,850000
1631,1,723,2,2,2,London,850000
120,1,773,2,2,2,London,850000
204,1,726,2,2,2,London,850000
1590,3,606,1,1,1,London,865000
1917,1,781,2,2,2,London,865000
1223,1,559,2,2,2,London,865000
1842,1,635,1,1,1,London,870000
690,1,767,2,2,2,London,875000
549,1,570,2,2,2,London,875000
697,1,693,2,2,2,London,875000
2401,1,782,2,2,2,London,875000
241,1,627,1,1,1,London,875000
2838,1,1193,2,2,2,Surrey,875000
2417,1,693,2,2,2,London,880000
1853,1,747,2,2,2,London,885000
1988,1,848,2,2,2,London,890000
2405,1,800,2,2,2,London,890000
714,2,900,3,3,3,London,895000
2760,1,1255,2,2,2,Surrey,895000
1570,1,601,1,1,1,London,895000
2236,1,555,1,1,1,London,895000
1385,1,836,2,2,2,London,895000
2431,1,648,2,2,2,London,895000
2350,1,863,2,2,2,London,899995
2189,1,834,2,2,2,London,899995
1426,1,802,2,2,2,London,900000
1538,1,822,2,2,2,London,900000
2770,2,1363,4,4,4,Surrey,900000
2209,1,756,2,2,2,London,900000
317,1,769,2,2,2,London,900000
773,1,683,1,1,1,London,910000
1011,3,810,2,2,2,London,915000
2618,5,1270,2,2,2,Middlesex,925000
2442,3,666,1,1,1,London,925000
50,1,646,2,2,2,London,925000
2710,2,1270,4,4,4,Surrey,925000
580,1,730,1,1,1,London,925000
441,1,706,1,1,1,London,925000
2174,1,893,2,2,2,London,925000
1723,2,760,2,2,2,London,925000
2790,2,1483,4,4,4,Surrey,925000
1303,1,635,1,1,1,London,925000
1453,1,683,2,2,2,London,935000
2880,1,829,2,2,2,other,935000
1301,3,849,3,3,3,London,950000
1504,1,698,2,2,2,London,950000
2726,2,1397,3,3,3,Surrey,950000
2846,1,1154,2,2,2,Surrey,950000
640,1,922,3,3,3,London,950000
1313,1,929,3,3,3,London,950000
765,1,817,2,2,2,London,950000
1896,1,947,3,3,3,London,950000
2023,1,880,2,2,2,London,950000
2367,1,870,2,2,2,London,950000
1151,1,939,1,1,1,London,950000
1860,1,935,2,2,2,London,950000
40,3,1560,3,3,3,Essex,950000
1936,3,898,2,2,2,London,950000
2436,1,911,2,2,2,London,950000
2643,1,1580,3,3,3,Middlesex,950000
2233,1,925,2,2,2,London,965000
2874,3,810,2,2,2,other,970000
2065,1,787,2,2,2,London,975000
2685,2,1201,3,3,3,Surrey,975000
2625,2,1448,4,4,4,Middlesex,975000
189,1,950,2,2,2,London,975000
67,1,749,2,2,2,London,975000
752,1,677,2,2,2,London,985000
523,3,820,2,2,2,London,990000
1111,1,836,2,2,2,London,995000
384,1,888,1,1,1,London,995000
7,2,1706,5,5,5,Essex,995000
2364,1,685,2,2,2,London,995000
1204,1,812,2,2,2,London,995000
186,1,710,2,2,2,London,995000
1438,1,747,2,2,2,London,995000
1669,1,875,2,2,2,London,995000
2560,3,872,2,2,2,London,995000
349,1,908,2,2,2,London,995000
548,1,814,2,2,2,London,995000
1685,1,800,2,2,2,London,995000
1360,1,796,2,2,2,London,999500
1393,1,927,2,2,2,London,999950
605,1,792,2,2,2,London,999950
2325,4,764,2,2,2,London,999950
1578,1,726,2,2,2,London,999950
1177,1,840,2,2,2,London,999950
1922,1,763,2,2,2,London,999995
2516,1,985,1,1,1,London,1000000
1250,1,862,2,2,2,London,1000000
1568,3,772,2,2,2,London,1000000
2228,1,728,2,2,2,London,1000000
302,4,962,2,2,2,London,1000000
2529,2,954,2,2,2,London,1000000
598,1,703,2,2,2,London,1000000
2085,1,892,2,2,2,London,1000000
542,3,960,2,2,2,London,1000000
2042,1,902,1,1,1,London,1000000
39,3,1636,3,3,3,Essex,1000000
38,2,1690,4,4,4,Essex,1000000
1732,1,909,2,2,2,London,1000000
37,2,1758,4,4,4,Essex,1000000
2600,3,1501,3,3,3,Middlesex,1000000
374,2,905,2,2,2,London,1000000
430,1,884,1,1,1,London,1000000
2257,1,659,1,1,1,London,1000000
2333,1,923,2,2,2,London,1000000
1405,1,947,3,3,3,London,1025000
2415,1,959,2,2,2,London,1030000
2578,3,869,2,2,2,London,1044000
2881,3,810,2,2,2,other,1045000
2872,1,976,2,2,2,other,1050000
907,3,817,2,2,2,London,1050000
1608,1,751,2,2,2,London,1050000
1623,1,1020,2,2,2,London,1050000
1249,1,848,3,3,3,London,1050000
2607,2,1677,4,4,4,Middlesex,1050000
1490,1,953,2,2,2,London,1050000
2165,1,958,2,2,2,London,1050000
2518,3,1010,3,3,3,London,1050000
2003,1,631,2,2,2,London,1050000
2107,3,612,1,1,1,London,1050000
2519,3,758,1,1,1,London,1050000
2857,5,865,2,2,2,other,1075000
2426,1,724,1,1,1,London,1075000
1338,3,923,2,2,2,London,1090000
874,1,945,1,1,1,London,1095000
419,2,950,2,2,2,London,1095000
1943,1,741,1,1,1,London,1095000
32,2,1838,4,4,4,Essex,1095000
1828,1,663,2,2,2,London,1095000
13,2,1728,4,4,4,Essex,1095000
199,1,1056,3,3,3,London,1100000
2723,2,1716,4,4,4,Surrey,1100000
1342,1,942,2,2,2,London,1100000
2696,3,1629,3,3,3,Surrey,1100000
2172,1,908,2,2,2,London,1100000
2071,1,908,2,2,2,London,1100000
1374,1,1058,2,2,2,London,1100000
95,3,791,2,2,2,London,1100000
2309,1,718,1,1,1,London,1100000
2488,1,781,2,2,2,London,1100000
460,1,816,2,2,2,London,1100000
707,2,1069,2,2,2,London,1100000
2414,1,1056,1,1,1,London,1100000
1766,4,1052,2,2,2,London,1100000
875,1,985,3,3,3,London,1100000
2477,1,1024,2,2,2,London,1100000
1251,1,706,2,2,2,London,1100000
2581,3,772,2,2,2,London,1123000
2845,2,1458,4,4,4,Surrey,1125000
2001,1,1056,2,2,2,London,1150000
1059,1,911,2,2,2,London,1150000
1285,1,1012,3,3,3,London,1150000
2558,1,1032,3,3,3,London,1150000
2835,2,1774,4,4,4,Surrey,1150000
674,1,933,2,2,2,London,1150000
2105,1,882,2,2,2,London,1150000
2285,1,682,1,1,1,London,1150000
2035,1,928,2,2,2,London,1150000
2584,1,915,3,3,3,London,1150000
298,1,1074,3,3,3,London,1150000
2038,1,1100,3,3,3,London,1150000
1843,1,689,2,2,2,London,1160000
715,4,1112,2,2,2,London,1160000
2283,3,861,2,2,2,London,1160000
2062,1,880,2,2,2,London,1175000
731,1,793,2,2,2,London,1175000
1711,1,776,2,2,2,London,1175000
142,1,687,2,2,2,London,1175000
863,1,949,2,2,2,London,1175000
56,1,765,2,2,2,London,1175000
702,3,847,2,2,2,London,1178000
2753,1,1732,3,3,3,Surrey,1180000
1673,1,723,2,2,2,London,1195000
905,1,752,2,2,2,London,1195000
163,1,872,2,2,2,London,1195000
748,1,879,2,2,2,London,1195000
2756,2,1953,5,5,5,Surrey,1195000
2387,1,1024,3,3,3,London,1195000
2343,1,839,2,2,2,London,1195000
2501,3,922,2,2,2,London,1195000
2210,1,850,1,1,1,London,1195000
2357,1,1039,3,3,3,London,1195000
345,1,932,2,2,2,London,1200000
1247,1,852,2,2,2,London,1200000
1993,4,1154,2,2,2,London,1200000
2743,2,1662,4,4,4,Surrey,1200000
318,1,1155,3,3,3,London,1200000
2020,1,834,1,1,1,London,1200000
2815,2,1813,4,4,4,Surrey,1200000
1290,1,1077,2,2,2,London,1200000
1862,1,1101,2,2,2,London,1200000
1923,1,773,2,2,2,London,1200000
1954,4,1152,3,3,3,London,1200000
2177,1,890,1,1,1,London,1200000
2168,1,1083,2,2,2,London,1200000
1409,2,1125,3,3,3,London,1200000
1883,1,956,1,1,1,London,1200000
2569,1,732,3,3,3,London,1200000
2539,3,1140,3,3,3,London,1200000
2454,1,1147,3,3,3,London,1200000
628,3,1091,3,3,3,London,1215000
2699,2,1633,4,4,4,Surrey,1225000
1142,2,1163,3,3,3,London,1225000
2559,3,960,2,2,2,London,1230000
2142,1,960,2,2,2,London,1235000
535,1,1085,2,2,2,London,1250000
2550,1,816,2,2,2,London,1250000
749,1,1061,2,2,2,London,1250000
2583,3,837,2,2,2,London,1250000
243,1,1201,2,2,2,London,1250000
1487,1,802,1,1,1,London,1250000
2717,2,2032,6,6,6,Surrey,1250000
2721,2,1980,4,4,4,Surrey,1250000
2100,1,1203,2,2,2,London,1250000
1653,1,943,2,2,2,London,1250000
437,1,885,2,2,2,London,1250000
446,4,1209,2,2,2,London,1250000
2445,2,1252,3,3,3,London,1250000
1064,1,960,2,2,2,London,1250000
1886,1,1159,2,2,2,London,1250000
2613,2,1880,4,4,4,Middlesex,1250000
1123,1,1253,3,3,3,London,1250000
2370,1,969,3,3,3,London,1250000
425,1,1036,2,2,2,London,1250000
83,1,811,2,2,2,London,1250000
1420,1,913,2,2,2,London,1250000
97,1,1068,2,2,2,London,1250000
1958,2,1013,3,3,3,London,1250000
653,1,896,2,2,2,London,1250000
1451,1,897,2,2,2,London,1250000
1737,1,763,1,1,1,London,1250000
2536,1,1058,2,2,2,London,1275000
109,1,1185,3,3,3,London,1275000
1892,1,976,3,3,3,London,1275000
305,1,1169,2,2,2,London,1280000
2299,1,924,2,2,2,London,1295000
2630,2,2055,4,4,4,Middlesex,1295000
879,2,1248,3,3,3,London,1295000
373,2,876,4,4,4,London,1295000
1795,1,887,2,2,2,London,1295000
893,1,827,2,2,2,London,1299000
2681,3,1903,4,4,4,Surrey,1299000
1792,2,1272,4,4,4,London,1300000
733,1,914,2,2,2,London,1300000
730,1,1162,2,2,2,London,1300000
2852,2,1626,4,4,4,Twickenham,1300000
2031,1,832,2,2,2,London,1300000
1746,3,1203,3,3,3,London,1300000
2448,1,1210,3,3,3,London,1300000
2492,1,834,2,2,2,London,1300000
58,2,1101,3,3,3,London,1300000
2372,1,1167,3,3,3,London,1325000
1903,2,946,2,2,2,London,1325000
1055,1,779,2,2,2,London,1325000
617,3,824,2,2,2,London,1325000
231,1,1195,3,3,3,London,1325000
820,1,1030,3,3,3,London,1345000
1992,1,1001,2,2,2,London,1345000
887,2,1295,3,3,3,London,1350000
1973,2,954,3,3,3,London,1350000
2702,2,1890,4,4,4,Surrey,1350000
11,2,2312,4,4,4,Essex,1350000
1937,1,1234,2,2,2,London,1350000
658,1,1023,2,2,2,London,1350000
2555,1,1154,4,4,4,London,1350000
750,1,1225,2,2,2,London,1350000
218,2,1328,3,3,3,London,1350000
1844,3,1023,3,3,3,London,1350000
2245,4,1117,2,2,2,London,1350000
2416,1,1007,2,2,2,London,1350000
981,5,993,2,2,2,London,1350000
980,1,1002,2,2,2,London,1375000
2390,3,1203,3,3,3,London,1375000
755,2,1340,3,3,3,London,1375000
2182,2,1360,3,3,3,London,1375000
695,2,1335,3,3,3,London,1375000
1034,1,990,3,3,3,London,1385000
2574,1,1056,3,3,3,London,1385000
1403,1,1150,2,2,2,London,1395000
1381,1,847,2,2,2,London,1395000
2019,4,831,2,2,2,London,1395000
2348,1,924,2,2,2,London,1395000
924,1,981,2,2,2,London,1395000
214,2,1068,1,1,1,London,1395000
1443,2,1428,5,5,5,London,1395000
1771,1,1359,3,3,3,London,1395000
2563,1,940,3,3,3,London,1395000
2604,2,2141,4,4,4,Middlesex,1395000
161,4,1230,2,2,2,London,1395000
1640,1,1171,3,3,3,London,1395000
22,2,2427,5,5,5,Essex,1395000
1122,1,1351,2,2,2,London,1399000
2863,2,1748,4,4,4,other,1399950
1207,2,1406,4,4,4,London,1400000
1633,2,1259,3,3,3,London,1400000
2557,1,880,2,2,2,London,1400000
2865,2,1799,4,4,4,other,1400000
1839,2,1102,3,3,3,London,1400000
821,1,1145,2,2,2,London,1400000
583,3,1335,3,3,3,London,1418000
1187,3,1063,2,2,2,London,1425000
1339,1,1067,2,2,2,London,1425000
2494,1,1218,2,2,2,London,1425000
2395,1,983,2,2,2,London,1425000
2484,3,911,2,2,2,London,1425000
1458,3,905,2,2,2,London,1430000
552,2,1341,3,3,3,London,1435000
26,2,2468,6,6,6,Essex,1445000
2179,1,961,2,2,2,London,1450000
29,2,2322,5,5,5,Essex,1450000
2379,1,1067,2,2,2,London,1450000
2517,3,1007,2,2,2,London,1450000
1096,1,963,2,2,2,London,1450000
2849,1,1702,3,3,3,Twickenham,1450000
561,3,1399,3,3,3,London,1460000
2580,3,1026,3,3,3,London,1466000
2412,1,1452,3,3,3,London,1490000
1373,1,886,2,2,2,London,1495000
2504,1,1115,3,3,3,London,1495000
2072,1,971,2,2,2,London,1495000
1753,1,939,2,2,2,London,1495000
2641,2,2322,4,4,4,Middlesex,1495000
2191,2,1020,2,2,2,London,1495000
33,2,2433,4,4,4,Essex,1495000
599,1,1122,2,2,2,London,1495000
1021,3,1142,2,2,2,London,1499995
1926,1,1133,3,3,3,London,1500000
450,2,1108,3,3,3,London,1500000
236,1,1244,3,3,3,London,1500000
509,1,1275,3,3,3,London,1500000
1356,1,1311,3,3,3,London,1500000
1918,1,1364,3,3,3,London,1500000
913,2,1327,4,4,4,London,1500000
1544,1,1200,2,2,2,London,1500000
265,3,1273,3,3,3,London,1500000
2528,1,1494,4,4,4,London,1500000
223,1,1274,2,2,2,London,1500000
278,2,1115,3,3,3,London,1500000
2033,1,1107,3,3,3,London,1500000
2831,2,2122,5,5,5,Surrey,1500000
804,1,1438,3,3,3,London,1500000
1717,1,1186,3,3,3,London,1500000
2413,1,1088,2,2,2,London,1500000
1459,1,1197,2,2,2,London,1500000
221,1,1132,3,3,3,London,1500000
1308,1,1186,3,3,3,London,1500000
2024,1,1215,2,2,2,London,1525000
1611,3,1440,2,2,2,London,1545000
810,2,1378,3,3,3,London,1550000
732,1,923,2,2,2,London,1550000
2493,3,1016,2,2,2,London,1550000
1439,1,1315,3,3,3,London,1550000
1576,1,958,3,3,3,London,1550000
2270,1,1227,2,2,2,London,1550000
126,1,1580,3,3,3,London,1575000
2824,2,2514,4,4,4,Surrey,1575000
2801,2,2369,4,4,4,Surrey,1575000
1675,1,979,2,2,2,London,1575000
1854,2,1688,5,5,5,London,1595000
1535,2,1643,5,5,5,London,1595000
412,1,1170,2,2,2,London,1595000
1660,1,1219,2,2,2,London,1595000
1639,1,1316,3,3,3,London,1595000
1529,1,1111,3,3,3,London,1599950
2855,2,1704,4,4,4,Twickenham,1599999
2408,3,1500,3,3,3,London,1600000
2752,2,2609,5,5,5,Surrey,1600000
2404,1,1535,4,4,4,London,1600000
2312,1,1078,2,2,2,London,1600000
2556,3,1528,3,3,3,London,1600000
2090,1,1282,2,2,2,London,1600000
522,1,1402,2,2,2,London,1600000
1540,2,1195,2,2,2,London,1600000
1517,1,1192,2,2,2,London,1600000
1508,2,1565,3,3,3,London,1600000
1494,1,1019,3,3,3,London,1600000
2249,2,1372,4,4,4,London,1625000
1630,1,1612,3,3,3,London,1625000
1982,3,1049,2,2,2,London,1630000
203,1,1099,2,2,2,London,1650000
2374,1,1189,2,2,2,London,1650000
2247,2,1576,4,4,4,London,1650000
2004,1,1641,3,3,3,London,1650000
2428,1,1139,3,3,3,London,1650000
2747,2,2644,4,4,4,Surrey,1650000
1051,2,1648,4,4,4,London,1650000
954,2,1716,5,5,5,London,1650000
2789,2,2698,5,5,5,Surrey,1650000
524,3,1259,3,3,3,London,1650000
720,1,1055,2,2,2,London,1650000
1480,2,1642,4,4,4,London,1650000
979,1,1101,2,2,2,London,1675000
1823,2,1558,3,3,3,London,1675000
1486,3,1100,2,2,2,London,1680000
2266,1,1502,3,3,3,London,1680000
1471,1,1318,2,2,2,London,1685000
1297,1,1636,4,4,4,London,1695000
1476,1,1168,2,2,2,London,1695000
1152,2,1705,4,4,4,London,1695000
1310,1,1187,2,2,2,London,1695000
1575,4,1378,3,3,3,London,1700000
500,1,1138,3,3,3,London,1700000
1377,1,1303,3,3,3,London,1700000
721,1,1045,2,2,2,London,1700000
2623,2,2512,5,5,5,Middlesex,1725000
2654,2,2924,6,6,6,Middlesex,1725000
871,1,1239,3,3,3,London,1750000
2464,4,1535,3,3,3,London,1750000
1097,1,1189,2,2,2,London,1750000
1597,1,1481,2,2,2,London,1750000
2538,3,1453,2,2,2,London,1750000
822,1,1232,2,2,2,London,1750000
1469,1,1677,2,2,2,London,1750000
2595,1,1553,2,2,2,London,1750000
2769,3,2553,5,5,5,Surrey,1750000
1235,1,1660,3,3,3,London,1750000
1829,1,1089,2,2,2,London,1750000
2633,2,3026,5,5,5,Middlesex,1750000
575,2,1224,3,3,3,London,1750000
1790,1,1203,3,3,3,London,1750000
1160,1,1134,2,2,2,London,1750000
77,1,1232,2,2,2,London,1750000
903,1,1390,3,3,3,London,1750000
135,2,1580,4,4,4,London,1750000
1318,2,1669,4,4,4,London,1795000
1600,1,1149,2,2,2,London,1795000
2274,1,1402,4,4,4,London,1795000
1834,2,1787,4,4,4,London,1795000
2225,1,1118,2,2,2,London,1795000
307,2,1720,4,4,4,London,1795000
339,2,1824,5,5,5,London,1795000
789,3,1236,2,2,2,London,1799995
244,1,1453,3,3,3,London,1800000
2522,1,1388,3,3,3,London,1800000
2853,2,2098,4,4,4,Twickenham,1800000
2515,1,1070,3,3,3,London,1800000
1614,2,1467,3,3,3,London,1800000
469,2,1776,5,5,5,London,1800000
2329,4,1490,2,2,2,London,1800000
2573,3,1352,3,3,3,London,1800000
2332,1,1441,3,3,3,London,1800000
968,1,1405,3,3,3,London,1800000
2411,1,1386,3,3,3,London,1800000
725,1,1480,3,3,3,London,1850000
1530,1,1176,2,2,2,London,1850000
1559,2,1512,3,3,3,London,1850000
1169,3,1462,3,3,3,London,1850000
578,1,1623,4,4,4,London,1850000
2070,2,1625,4,4,4,London,1850000
2391,4,1268,2,2,2,London,1850000
1276,1,1454,2,2,2,London,1850000
2758,2,2739,5,5,5,Surrey,1850000
72,2,1910,5,5,5,London,1850000
211,3,1328,3,3,3,London,1850000
902,2,1678,5,5,5,London,1850000
2594,1,1080,2,2,2,London,1850000
1692,2,1679,3,3,3,London,1850000
2126,1,1332,2,2,2,London,1850000
1773,2,1623,3,3,3,London,1850000
449,2,1735,4,4,4,London,1850000
629,2,1341,3,3,3,London,1850000
2666,2,2917,5,5,5,Surrey,1855000
1781,1,1174,2,2,2,London,1860000
1980,1,1383,3,3,3,London,1875000
375,1,1675,4,4,4,London,1885000
688,2,1868,3,3,3,London,1895000
1137,1,1438,2,2,2,London,1895000
416,1,1474,3,3,3,London,1895000
2689,2,2564,5,5,5,Surrey,1895000
2314,2,1975,5,5,5,London,1895000
1353,4,1447,3,3,3,London,1895000
724,1,1522,2,2,2,London,1895000
1412,2,1250,3,3,3,London,1899950
263,2,1703,5,5,5,London,1900000
2854,2,2061,5,5,5,Twickenham,1900000
2509,1,1244,2,2,2,London,1950000
698,2,1873,5,5,5,London,1950000
1424,2,2006,5,5,5,London,1950000
2530,1,1878,3,3,3,London,1950000
2767,2,2797,6,6,6,Surrey,1950000
2764,2,2817,6,6,6,Surrey,1950000
1246,1,1765,2,2,2,London,1950000
2125,2,1907,5,5,5,London,1950000
1257,2,2063,5,5,5,London,1950000
2409,1,1376,2,2,2,London,1950000
2921,2,2054,5,5,5,other,1950000
1838,1,1730,3,3,3,London,1950000
2877,2,1795,3,3,3,other,1950000
2046,1,1883,3,3,3,London,1950000
453,1,1492,3,3,3,London,1985000
1461,1,1364,3,3,3,London,1990000
399,1,1560,2,2,2,London,1990000
1740,3,1495,4,4,4,London,1995000
115,2,1841,5,5,5,London,1995000
1713,2,2116,5,5,5,London,1995000
1227,1,1575,3,3,3,London,1995000
411,3,1848,3,3,3,London,1999950
2850,2,2537,5,5,5,Twickenham,1999995
328,2,1935,5,5,5,London,1999995
75,1,1608,3,3,3,London,1999999
503,1,1997,4,4,4,London,2000000
2887,3,2347,4,4,4,other,2000000
1876,1,1467,3,3,3,London,2000000
1350,1,1415,2,2,2,London,2000000
1029,3,1688,4,4,4,London,2000000
2398,2,1450,4,4,4,London,2000000
1567,3,1342,3,3,3,London,2000000
2112,1,1335,2,2,2,London,2000000
572,1,1520,2,2,2,London,2000000
1551,2,2009,4,4,4,London,2000000
1120,3,1693,4,4,4,London,2000000
362,3,1262,3,3,3,London,2020000
207,2,1293,3,3,3,London,2050000
82,1,1528,3,3,3,London,2095000
1158,3,1688,4,4,4,London,2100000
2262,1,1367,3,3,3,London,2100000
2891,3,2132,4,4,4,other,2100000
1770,2,1677,3,3,3,London,2100000
1413,1,1556,4,4,4,London,2100000
2322,2,1913,4,4,4,London,2100000
1470,1,1550,3,3,3,London,2100000
2205,2,2139,5,5,5,London,2100000
2885,3,2132,4,4,4,other,2100000
2714,1,2810,3,3,3,Surrey,2100000
489,2,2137,5,5,5,London,2100000
1195,1,1527,3,3,3,London,2100000
667,2,1959,5,5,5,London,2100000
1874,2,2128,4,4,4,London,2125000
703,1,1806,4,4,4,London,2150000
276,2,1582,3,3,3,London,2150000
2690,2,3177,5,5,5,Surrey,2150000
1180,2,2087,5,5,5,London,2150000
1806,1,1959,3,3,3,London,2150000
389,1,2074,4,4,4,London,2150000
2847,2,3176,5,5,5,Surrey,2150000
1234,2,1929,5,5,5,London,2150000
1349,1,1969,3,3,3,London,2150000
2051,1,1830,4,4,4,London,2150000
700,1,1672,3,3,3,London,2150000
691,2,2108,5,5,5,London,2175000
2640,2,3467,5,5,5,Middlesex,2195000
2636,2,3337,5,5,5,Middlesex,2195000
1871,1,1384,4,4,4,London,2195000
2180,1,1623,3,3,3,London,2195000
2328,4,1715,2,2,2,London,2200000
2397,1,1337,3,3,3,London,2200000
1880,2,2177,4,4,4,London,2200000
562,2,2266,5,5,5,London,2200000
2086,1,1945,3,3,3,London,2250000
2380,1,1539,2,2,2,London,2250000
1698,2,2030,6,6,6,London,2250000
692,2,2332,5,5,5,London,2250000
1652,1,1547,3,3,3,London,2250000
1643,2,1735,3,3,3,London,2250000
2931,1,1683,3,3,3,other,2250000
2358,2,1874,5,5,5,London,2250000
2716,2,3364,5,5,5,Surrey,2250000
2099,2,2351,5,5,5,London,2250000
826,1,1348,2,2,2,London,2250000
331,4,1765,2,2,2,London,2250000
494,2,2344,5,5,5,London,2250000
385,2,1857,4,4,4,London,2250000
2552,1,1515,3,3,3,London,2250000
2740,2,2946,4,4,4,Surrey,2250000
919,2,2389,5,5,5,London,2250000
1315,2,1642,4,4,4,London,2250000
1322,1,1700,3,3,3,London,2250000
485,2,1673,3,3,3,London,2250000
1198,1,1669,3,3,3,London,2250000
611,1,1641,3,3,3,London,2250000
932,2,1969,4,4,4,London,2275000
1794,1,1540,3,3,3,London,2275000
185,1,1604,2,2,2,London,2290000
579,1,2039,3,3,3,London,2295000
1044,2,2362,5,5,5,London,2300000
1447,2,1447,2,2,2,London,2300000
106,2,2083,5,5,5,London,2300000
133,2,1912,3,3,3,London,2300000
431,2,2124,4,4,4,London,2300000
2571,2,1705,3,3,3,London,2300000
2349,2,2062,4,4,4,London,2300000
105,2,1956,3,3,3,London,2300000
1832,2,1433,3,3,3,London,2300000
2876,3,2466,5,5,5,other,2325000
2355,4,1895,4,4,4,London,2325000
2861,3,2392,4,4,4,other,2325000
1780,2,2299,5,5,5,London,2350000
1805,1,2168,3,3,3,London,2350000
176,2,2153,4,4,4,London,2350000
2590,1,2207,2,2,2,London,2350000
2705,2,3861,5,5,5,Surrey,2350000
555,2,2281,4,4,4,London,2350000
65,2,2297,5,5,5,London,2350000
327,2,1519,4,4,4,London,2350000
823,2,1844,4,4,4,London,2350000
1333,2,2200,5,5,5,London,2350000
114,2,2183,5,5,5,London,2350000
2875,3,2540,5,5,5,other,2375000
371,2,2153,3,3,3,London,2375000
1546,1,2123,3,3,3,London,2375000
2430,2,2277,4,4,4,London,2395000
1076,2,2443,5,5,5,London,2395000
948,2,2212,4,4,4,London,2395000
481,2,2221,4,4,4,London,2395000
2688,2,3498,5,5,5,Surrey,2395000
1312,2,2222,4,4,4,London,2399500
131,1,1736,4,4,4,London,2400000
367,2,2411,4,4,4,London,2400000
585,2,2425,5,5,5,London,2400000
149,2,2202,5,5,5,London,2400000
942,1,1898,4,4,4,London,2400000
119,2,1483,3,3,3,London,2450000
528,4,1879,3,3,3,London,2450000
2561,4,2262,3,3,3,London,2450000
323,2,2313,4,4,4,London,2450000
2933,3,2328,3,3,3,other,2450000
792,2,2406,5,5,5,London,2475000
2893,3,2603,5,5,5,other,2485000
1884,2,2580,5,5,5,London,2495000
2833,2,4185,6,6,6,Surrey,2495000
2856,2,3609,6,6,6,Twickenham,2495000
2169,1,1753,3,3,3,London,2495000
983,2,2537,6,6,6,London,2500000
343,1,1498,2,2,2,London,2500000
332,1,1752,3,3,3,London,2500000
2547,1,1680,3,3,3,London,2500000
1722,2,1888,3,3,3,London,2500000
659,2,2458,5,5,5,London,2500000
2805,2,3740,6,6,6,Surrey,2500000
2534,1,1738,4,4,4,London,2500000
2608,2,4222,6,6,6,Middlesex,2500000
2271,2,2314,4,4,4,London,2500000
1344,1,1717,2,2,2,London,2500000
2277,1,1950,3,3,3,London,2500000
23,2,4012,5,5,5,Essex,2500000
1911,2,2475,4,4,4,London,2500000
2586,1,2480,4,4,4,London,2500000
2575,2,1702,3,3,3,London,2500000
841,1,2132,2,2,2,London,2500000
1259,2,2235,5,5,5,London,2500000
1287,3,1615,3,3,3,London,2500000
832,2,2413,5,5,5,London,2500000
1948,2,2082,3,3,3,London,2500000
884,2,2638,5,5,5,London,2520000
2275,2,2665,5,5,5,London,2550000
1428,2,2679,5,5,5,London,2550000
950,2,2241,5,5,5,London,2550000
2577,3,1766,3,3,3,London,2565000
2791,2,3785,5,5,5,Surrey,2575000
102,2,2120,5,5,5,London,2595000
1972,1,2006,3,3,3,London,2595000
353,1,1779,3,3,3,London,2600000
112,2,2350,4,4,4,London,2600000
722,1,1722,3,3,3,London,2600000
1129,2,2607,5,5,5,London,2650000
1089,2,2311,2,2,2,London,2650000
200,1,1811,3,3,3,London,2650000
2813,2,4141,5,5,5,Surrey,2650000
2066,4,2402,5,5,5,London,2650000
1188,3,1727,2,2,2,London,2650000
1396,2,2314,5,5,5,London,2650000
2385,2,2454,6,6,6,London,2650000
2644,2,3873,6,6,6,Middlesex,2685000
2136,2,2567,5,5,5,London,2695000
1375,2,2938,6,6,6,London,2695000
790,2,2685,5,5,5,London,2700000
205,2,1791,3,3,3,London,2700000
2145,1,1665,3,3,3,London,2700000
2754,2,3705,6,6,6,Surrey,2700000
2544,1,1971,3,3,3,London,2725000
18,2,4925,6,6,6,Essex,2750000
2047,1,1821,4,4,4,London,2750000
2375,1,2080,4,4,4,London,2750000
166,2,2675,4,4,4,London,2750000
1025,2,2637,4,4,4,London,2750000
164,1,1839,4,4,4,London,2750000
2093,2,1782,4,4,4,London,2750000
648,2,2612,6,6,6,London,2750000
1637,2,2479,4,4,4,London,2750000
1167,1,2339,5,5,5,London,2750000
357,2,2500,5,5,5,London,2750000
2101,2,2605,6,6,6,London,2750000
2300,1,1765,3,3,3,London,2750000
2527,1,2136,3,3,3,London,2750000
1754,2,2738,5,5,5,London,2750000
1002,1,1711,3,3,3,London,2775000
2037,2,2768,4,4,4,London,2795000
2052,2,2682,5,5,5,London,2800000
162,2,2734,6,6,6,London,2800000
2156,2,2872,5,5,5,London,2800000
2110,2,2959,5,5,5,London,2800000
415,2,1724,3,3,3,London,2850000
2427,1,2163,4,4,4,London,2850000
2804,2,4094,5,5,5,Surrey,2850000
2202,2,2833,5,5,5,London,2850000
1994,3,2767,3,3,3,London,2850000
812,1,1752,2,2,2,London,2850000
297,2,2857,5,5,5,London,2850000
727,1,1850,3,3,3,London,2895000
359,2,2730,5,5,5,London,2895000
2729,2,3660,6,6,6,Surrey,2895000
1659,2,3235,6,6,6,London,2950000
2158,3,3336,6,6,6,London,2950000
2712,2,4389,6,6,6,Surrey,2950000
2510,4,1884,3,3,3,London,2950000
470,2,3144,6,6,6,London,2950000
277,4,1840,2,2,2,London,2950000
2611,2,4034,6,6,6,Middlesex,2950000
1867,2,2142,4,4,4,London,2950000
2188,2,2995,5,5,5,London,2950000
851,3,2768,4,4,4,London,2950000
1402,4,2128,3,3,3,London,2950000
757,2,2740,4,4,4,London,2950000
679,2,2349,5,5,5,London,2950000
853,2,2041,3,3,3,London,2975000
2489,3,1835,2,2,2,London,2985000
1646,2,3175,6,6,6,London,2990000
568,2,3067,6,6,6,London,2990000
257,4,1845,3,3,3,London,2995000
2455,2,2486,5,5,5,London,2995000
2232,2,3295,6,6,6,London,2999000
1779,2,2853,5,5,5,London,3000000
2064,1,1901,4,4,4,London,3000000
1068,2,2011,4,4,4,London,3000000
2441,2,2607,5,5,5,London,3000000
2255,2,3027,5,5,5,London,3000000
778,2,2432,4,4,4,London,3000000
876,1,2427,4,4,4,London,3000000
1116,2,2599,5,5,5,London,3050000
143,1,2470,4,4,4,London,3100000
1898,1,2047,3,3,3,London,3100000
2310,2,2885,6,6,6,London,3100000
310,2,2809,5,5,5,London,3150000
1174,2,2894,5,5,5,London,3150000
904,2,3100,5,5,5,London,3150000
2497,3,2303,3,3,3,London,3200000
2345,2,2634,5,5,5,London,3200000
991,2,2988,4,4,4,London,3200000
1830,2,2282,3,3,3,London,3200000
847,2,3467,6,6,6,London,3250000
1645,2,2813,5,5,5,London,3250000
2443,2,1929,4,4,4,London,3250000
1543,2,3179,6,6,6,London,3250000
285,2,2210,3,3,3,London,3250000
287,2,2543,5,5,5,London,3250000
2425,1,2476,4,4,4,London,3250000
758,2,3156,5,5,5,London,3250000
922,2,3098,5,5,5,London,3250000
2076,2,3203,5,5,5,London,3250000
626,2,3230,5,5,5,London,3295000
1641,1,2435,4,4,4,London,3295000
1987,2,2885,6,6,6,London,3300000
1579,2,2640,5,5,5,London,3300000
1946,1,2024,4,4,4,London,3350000
79,4,2185,3,3,3,London,3350000
763,2,3256,5,5,5,London,3350000
1288,2,3583,6,6,6,London,3395000
2373,2,2441,4,4,4,London,3400000
414,4,2852,4,4,4,London,3410000
1620,2,3622,6,6,6,London,3425000
921,2,2160,4,4,4,London,3450000
348,2,3070,5,5,5,London,3450000
2659,2,5599,6,6,6,Surrey,3450000
2323,1,2377,5,5,5,London,3450000
113,2,2354,4,4,4,London,3450000
1735,1,2176,3,3,3,London,3495000
2399,2,3247,5,5,5,London,3500000
2365,1,2423,4,4,4,London,3500000
2470,3,2720,5,5,5,London,3500000
2185,2,2956,5,5,5,London,3500000
2381,2,3001,5,5,5,London,3500000
60,2,2331,4,4,4,London,3500000
2548,2,3174,4,4,4,London,3500000
576,2,2216,4,4,4,London,3500000
855,2,2401,4,4,4,London,3500000
1440,2,2600,4,4,4,London,3600000
1528,1,2147,3,3,3,London,3600000
222,2,2190,4,4,4,London,3625000
1379,2,3070,5,5,5,London,3650000
2432,2,2390,4,4,4,London,3650000
2843,2,5424,6,6,6,Surrey,3650000
141,2,2316,4,4,4,London,3695000
1676,2,2381,4,4,4,London,3700000
2818,2,5554,6,6,6,Surrey,3750000
654,2,2239,4,4,4,London,3750000
313,2,2428,3,3,3,London,3750000
2206,1,2315,4,4,4,London,3750000
438,2,2396,4,4,4,London,3750000
1661,2,2243,5,5,5,London,3750000
939,2,3391,5,5,5,London,3750000
168,2,3256,3,3,3,London,3750000
2476,4,2433,3,3,3,London,3750000
2508,2,3808,5,5,5,London,3750000
982,2,2285,4,4,4,London,3850000
767,2,2530,6,6,6,London,3950000
383,2,2547,4,4,4,London,3950000
506,2,2815,4,4,4,London,3950000
2252,2,2803,5,5,5,London,3950000
1431,1,2780,3,3,3,London,3950000
1389,1,2573,3,3,3,London,3950000
1067,3,2694,3,3,3,London,3995000
2127,2,3480,3,3,3,London,3995000
2503,2,3917,5,5,5,London,3995000
1628,2,2435,3,3,3,London,4000000
2437,2,3394,6,6,6,London,4000000
107,2,3714,5,5,5,London,4000000
754,2,2968,3,3,3,London,4200000
2473,2,2940,4,4,4,London,4250000
2307,2,2631,2,2,2,London,4250000
729,1,2713,6,6,6,London,4250000
2825,2,6632,7,7,7,Surrey,4250000
2027,1,2750,4,4,4,London,4250000
2593,2,3660,4,4,4,London,4300000
1512,2,4862,6,6,6,London,4350000
1316,2,3292,5,5,5,London,4395000
1043,2,4102,5,5,5,London,4400000
2167,2,3908,6,6,6,London,4500000
1895,4,2922,3,3,3,London,4500000
1774,1,2774,4,4,4,London,4500000
110,2,2972,3,3,3,London,4500000
911,2,2742,6,6,6,London,4500000
984,2,4653,7,7,7,London,4650000
2682,2,7996,6,6,6,Surrey,4650000
1269,2,3244,6,6,6,London,4650000
198,2,2865,4,4,4,London,4650000
2450,2,3343,4,4,4,London,4650000
737,2,3104,6,6,6,London,4750000
2303,2,2890,5,5,5,London,4750000
1536,2,2979,4,4,4,London,4750000
2475,2,4206,4,4,4,London,4750000
1899,2,3546,5,5,5,London,4750000
1999,2,4002,5,5,5,London,4750000
2836,2,8081,7,7,7,Surrey,4750000
1694,1,3943,5,5,5,London,4795000
2587,2,3467,4,4,4,London,4900000
780,2,4482,7,7,7,London,4950000
2585,2,2881,4,4,4,London,4950000
2741,2,7043,6,6,6,Surrey,4950000
2512,2,4452,7,7,7,London,4950000
2273,2,4622,6,6,6,London,4950000
1955,2,3908,4,4,4,London,4950000
811,3,3330,3,3,3,London,4950000
2652,2,8042,6,6,6,Middlesex,4995000
237,2,3035,4,4,4,London,4995000
2352,4,4004,4,4,4,London,5000000
1690,2,4980,6,6,6,London,5000000
2828,2,7879,6,6,6,Surrey,5000000
646,2,4459,7,7,7,London,5100000
2383,2,4144,6,6,6,London,5250000
1706,2,3092,5,5,5,London,5250000
618,2,3782,8,8,8,London,5250000
2511,2,3108,8,8,8,London,5250000
1534,2,4273,6,6,6,London,5500000
497,2,4666,7,7,7,London,5500000
144,2,3674,4,4,4,London,5500000
1434,2,4292,6,6,6,London,5500000
197,2,4682,6,6,6,London,5750000
1865,2,3753,6,6,6,London,5750000
1635,3,6313,6,6,6,London,5995000
2596,2,4435,6,6,6,London,5995000
2848,2,10764,6,6,6,Surrey,6250000
1070,4,4689,4,4,4,London,6350000
1539,2,5288,6,6,6,London,6450000
1968,2,4185,6,6,6,London,6500000
507,2,5196,6,6,6,London,6500000
315,2,4637,6,6,6,London,6795000
2324,3,4295,5,5,5,London,6950000
2745,3,11177,6,6,6,Surrey,6950000
165,2,5501,6,6,6,London,6950000
2054,2,6388,8,8,8,London,7000000
2737,2,12526,7,7,7,Surrey,7500000
1386,2,6713,8,8,8,London,8000000
2597,2,5395,6,6,6,London,8650000
2535,2,5727,6,6,6,London,8950000
2108,2,7226,5,5,5,London,11950000
2461,2,7526,6,6,6,London,12750000
2356,2,14358,7,7,7,London,17950000
2491,3,15405,7,7,7,London,23950000
